movie_id,tmdbId
1,862
2,8844
3,15602
4,31357
5,11862
6,949
7,11860
8,45325
9,9091
10,710
11,9087
12,12110
13,21032
14,10858
15,1408
16,524
17,4584
18,5
19,9273
20,11517
21,8012
22,1710
23,9691
24,12665
25,451
26,16420
27,9263
28,17015
29,902
30,37557
31,9909
32,63
33,78802
34,9598
35,47018
36,687
37,139405
38,33689
39,9603
40,34615
41,31174
42,11443
43,35196
44,9312
45,577
46,11861
47,807
48,10530
49,8391
50,629
51,117164
52,11448
53,49133
54,26441
55,97406
56,124057
57,9089
58,11010
59,99040
60,11359
61,17182
62,2054
63,10607
64,19760
65,9536
66,11525
67,40628
68,4482
69,10634
70,755
71,11859
72,28387
73,48750
74,20927
75,36929
76,9102
77,124626
78,27526
79,9623
80,46785
81,400
82,880
83,146599
84,188588
85,8447
86,10534
87,17414
88,13997
89,2086
90,61548
92,9095
93,12158
94,9283
95,9208
96,40154
97,406
98,45549
99,63076
100,11062
101,13685
102,47475
103,2045
104,9614
105,688
106,11907
107,10874
108,89333
109,96357
110,197
111,103
112,33542
113,43566
114,71754
115,43612
116,51352
117,16934
118,10324
119,78406
120,55731
121,32119
122,11066
123,11104
124,37975
125,2074
126,27793
127,44284
128,290157
129,110972
130,32622
131,73067
132,11863
133,55475
134,124636
135,9101
136,123360
137,5757
138,39428
139,124639
140,9302
141,11000
142,-1
143,249882
144,16388
145,9737
146,30765
147,10474
148,22279
149,30157
150,568
151,11780
152,34996
153,414
154,649
155,1873
156,5894
157,1775
158,8839
159,20649
160,10329
161,8963
162,26564
163,8068
164,8512
165,1572
166,13552
167,259209
168,6520
169,9073
170,10428
171,17447
172,9886
173,9482
174,19326
175,9344
176,9071
177,8973
178,15730
179,47608
180,2293
181,9070
182,68274
183,48787
184,34574
185,1642
186,11472
187,36196
188,11980
189,58372
190,32646
191,10533
192,56088
193,10802
194,10149
195,18402
196,9348
197,139408
198,281
199,5967
200,79593
201,47939
202,36834
203,9090
204,3512
205,52856
206,77350
207,9560
208,9804
209,31611
210,65796
211,49805
212,26258
213,50797
214,19155
215,76
216,11017
217,37141
218,9382
219,6715
220,18256
222,22625
223,2292
224,1909
225,8984
226,61813
227,4954
228,62488
229,10531
230,11929
231,8467
232,10451
233,20156
234,18395
235,522
236,397
237,10525
238,27985
239,15789
240,27303
241,21183
242,10954
243,47867
244,43475
245,72031
246,14275
247,1024
248,17207
249,13701
250,14819
251,32631
252,11777
253,628
254,87729
255,18713
256,6280
257,9061
258,37108
259,6071
260,11
261,9587
262,19101
263,49980
264,17961
265,18183
266,4476
267,11008
268,47504
269,32325
270,43742
271,28313
272,11318
273,3036
274,40490
275,24070
276,8986
277,10510
278,17402
279,38722
280,8438
281,11593
282,1945
283,39310
284,109560
285,56428
286,63105
287,131957
288,241
289,9058
290,527
291,18220
292,6950
293,101
294,63020
295,2307
296,680
297,41478
298,25296
299,40156
300,11450
301,30304
302,10452
303,12106
304,161495
305,3586
306,110
307,108
308,109
309,159185
310,36357
311,92769
312,28033
313,22586
314,14334
315,2636
316,2164
317,11395
318,278
319,9905
320,87078
321,12527
322,20306
324,36614
325,27993
326,31439
327,9067
328,9059
329,193
330,25066
331,46797
332,12122
333,11381
334,32636
335,36141
336,95963
337,1587
338,9271
339,2064
340,19855
341,60855
342,236
343,48287
344,3049
345,2759
346,12635
347,10497
348,11382
349,9331
350,10731
351,10464
352,34152
353,9495
354,29973
355,888
356,13
357,712
358,16295
359,48992
360,10879
361,10660
362,10714
363,41647
364,8587
365,1689
366,11596
367,854
368,9359
369,23333
370,36593
371,12280
372,2788
373,10427
374,11011
375,49803
376,8987
377,1637
378,15128
379,8831
380,36955
381,10449
382,10395
383,12160
384,40480
385,52038
386,29444
387,26352
388,39953
389,41580
390,315
391,22067
392,18242
393,11667
394,32502
395,267188
396,28732
397,75555
398,42981
399,278939
400,291731
401,226229
402,203119
403,172923
404,316098
405,8011
406,171857
407,2654
408,18069
409,19092
410,2758
411,38129
412,10436
413,13595
414,46094
415,9409
416,11853
417,16771
418,46924
419,11041
420,306
421,14522
422,26203
423,178
424,19819
425,57834
426,4722
427,18215
428,1607
429,26391
430,117553
431,6075
432,11310
433,18658
434,9350
435,9612
436,2124
437,26261
438,19176
439,49299
440,11566
441,9571
442,9739
443,24257
444,34444
445,26141
446,10997
447,50463
448,10443
449,20239
450,16297
451,18551
452,25440
453,9024
454,37233
455,1634
456,13815
457,5503
458,35588
459,2087
460,41579
461,18620
462,41006
463,4916
464,2019
465,31642
466,9255
467,26271
468,10612
469,2259
470,16097
471,11934
472,106143
473,12475
474,9386
475,7984
476,59930
477,15765
478,31643
479,6
480,329
481,10909
482,507
483,34024
484,29918
485,9593
486,42580
487,22317
488,1413
489,12121
490,2246
491,10502
492,10440
493,9516
494,2320
495,5879
496,83718
497,11971
498,2625
499,31911
500,788
501,21450
502,11231
503,41588
504,10447
505,31586
506,9300
507,9559
508,9800
509,713
510,8291
511,18133
512,25557
513,22588
514,10872
515,1245
516,11858
517,7007
518,10467
519,5550
520,8005
521,2088
522,10412
523,47889
524,14534
525,56583
526,41878
527,424
528,35233
529,14291
530,103413
531,11236
532,11592
533,8850
534,10445
535,695
536,43535
537,12519
538,23210
539,858
540,867
541,78
542,13203
543,10442
544,11074
545,33367
546,9607
547,17585
548,9057
549,20967
550,10635
551,9479
552,10057
553,11969
554,41590
555,319
556,26408
557,-1
558,15139
559,161158
560,218473
561,85247
562,11446
563,51980
564,24405
565,11655
566,11800
567,8223
568,14587
569,31504
570,41653
571,53185
572,95743
573,23637
574,17600
575,10897
576,349394
577,21352
578,-1
579,68806
580,37345
581,32562
582,47507
583,25403
584,124304
585,9066
586,771
587,251
588,812
589,280
590,581
591,80350
592,268
593,274
594,408
595,10020
596,10895
597,114
598,41043
599,576
600,15477
601,59146
602,124472
603,30528
604,-1
605,7300
606,10824
607,261246
608,275
609,25059
610,11827
611,8766
612,23570
613,47333
614,54850
615,51242
616,10112
617,4307
618,46029
619,32308
620,88893
621,52873
623,123505
624,340210
625,44281
626,28121
627,12520
628,1592
629,166901
630,36447
631,19042
632,38884
633,47449
634,36259
635,41852
636,40926
637,9099
638,2021
639,61752
640,10988
641,11479
642,398959
643,287305
644,339428
645,12652
647,10684
648,954
649,68445
650,18989
651,10801
652,54285
653,8840
654,278978
655,124625
656,11107
657,16417
658,70934
659,10363
660,161070
661,10539
662,10543
663,18414
664,47502
665,11902
666,27098
667,25087
668,5801
669,-1
670,896
671,3065
672,318177
673,2300
674,8069
675,288173
676,187851
678,27768
679,221917
680,8072
681,35797
682,88030
683,185191
684,83857
685,33245
687,124460
688,27281
690,105045
691,40001
692,29621
693,117730
694,20762
695,37144
696,48260
697,12656
698,38867
699,277270
700,25969
701,44103
702,753
703,43634
704,9103
705,90214
706,29649
707,10990
708,8866
709,12233
710,23449
711,36355
712,37667
713,90148
714,922
715,11876
716,52633
717,62364
718,11687
719,9304
720,-1
721,-1
722,73183
723,131232
724,9100
725,20759
726,46063
727,365371
728,32513
729,40651
730,-1
731,36915
732,40507
733,9802
734,25697
735,21588
736,664
737,11867
738,47119
739,314352
741,9323
742,10280
743,10535
744,124613
745,532
746,26744
747,16299
748,10547
749,245268
750,935
751,55613
752,215107
753,41007
754,35645
755,110465
756,255546
757,40751
758,275096
759,85778
760,11101
761,9826
762,9879
763,63564
764,22621
765,7095
766,26890
767,46732
768,124633
769,-1
770,-1
771,202425
772,196940
773,77771
774,181083
775,41225
776,188589
777,87190
778,627
779,32872
780,602
781,14553
782,9566
783,10545
784,9894
785,11543
786,9268
787,52059
788,9327
789,123763
790,81949
791,-1
792,42005
793,124306
794,183955
795,44535
796,44495
797,78285
798,11228
799,10779
800,26748
801,38223
802,9294
803,49963
804,11363
805,1645
806,31546
807,77056
808,36344
809,18550
810,11511
811,-1
812,172198
813,34170
814,281085
815,109478
816,124645
818,12606
819,69895
820,35206
821,-1
822,151489
823,4837
824,12632
825,9098
826,282919
827,124614
828,18975
829,11962
830,2925
831,28628
832,3595
833,9308
834,92381
835,18555
836,12123
837,10830
838,3573
839,10546
840,18862
841,31417
842,9431
843,124619
844,297645
845,48144
846,46986
847,144982
848,47907
849,10061
850,36266
851,549
852,10478
853,66634
854,116690
855,213917
856,145925
857,100914
858,238
859,-1
860,159
861,11134
862,88224
863,-1
864,132641
865,42758
866,9303
867,23945
868,37820
869,22479
870,9054
871,241058
872,11985
873,10232
874,59569
875,410921
876,38955
877,110513
878,114089
879,11015
880,9306
881,12559
882,58770
884,124851
885,3587
886,10723
887,56077
888,19004
889,101230
890,253632
891,10987
892,44705
893,20318
894,43596
895,79782
896,26933
897,27854
898,981
899,872
900,2769
901,13320
902,164
903,426
904,567
905,3078
906,13528
907,28288
908,213
909,284
910,239
911,4808
912,289
913,963
914,11113
915,6620
916,804
917,26531
918,909
919,630
920,770
921,31044
922,599
923,15
924,62
925,121357
926,705
927,22490
928,223
929,25670
930,303
931,4174
932,8356
933,381
934,20758
935,29376
936,1859
937,18299
938,17281
939,64382
940,10907
941,32093
942,1939
943,22292
944,3598
945,3080
946,198
947,13562
948,1712
949,220
950,3529
951,3085
952,2897
953,1585
954,3083
955,900
956,43795
957,85638
958,50001
959,43905
960,22688
961,23114
962,26378
963,40206
964,22356
965,260
966,43488
967,22613
968,10331
969,488
970,22733
971,261
972,57575
973,32574
974,22657
975,76464
976,22649
977,176841
978,-1
979,125587
980,39448
981,52855
982,39940
983,172868
984,85328
985,124632
986,11076
987,63945
988,58985
989,890
990,10861
991,1770
992,44465
993,2033
994,18203
996,9333
997,47260
998,9400
999,9401
1000,12241
1001,25739
1002,161806
1003,11306
1004,9625
1005,10680
1006,6346
1007,18660
1008,35115
1009,14821
1010,14136
1011,10869
1012,22660
1013,19186
1014,31102
1015,6878
1016,15944
1017,18444
1018,20723
1019,173
1020,864
1021,24795
1022,11224
1023,81310
1024,15947
1025,9078
1026,29682
1027,8367
1028,433
1029,11360
1030,11114
1031,12335
1032,12092
1033,10948
1034,11229
1035,15121
1036,562
1037,10163
1038,48862
1039,117036
1040,47199
1041,11159
1042,9591
1043,30500
1044,41843
1045,55058
1046,10938
1047,11412
1049,10586
1050,42314
1051,27845
1052,108365
1053,23223
1054,49471
1055,38153
1056,25147
1057,9716
1058,43777
1059,454
1060,10218
1061,819
1062,38191
1063,56830
1064,11238
1065,27256
1066,31530
1067,66473
1068,28120
1069,1834
1070,26282
1071,37218
1073,252
1075,116356
1076,16372
1077,11561
1078,11302
1079,623
1080,583
1081,12614
1082,21711
1083,11575
1084,475
1085,11331
1086,521
1087,21202
1088,88
1089,500
1090,792
1091,8491
1092,402
1093,10537
1094,11386
1095,9504
1096,15764
1097,601
1098,67365
1099,25842
1100,2119
1101,744
1102,136311
1103,221
1104,702
1105,25750
1106,17642
1107,-1
1108,-1
1109,427043
1110,146341
1111,9305
1112,37616
1113,11112
1114,21612
1115,141210
1116,102461
1117,36998
1118,200383
1119,116844
1120,1630
1121,26626
1122,-1
1123,124837
1124,11816
1125,11843
1126,10379
1127,2756
1128,790
1129,1103
1130,11298
1131,4480
1132,4481
1133,-1
1134,49688
1135,10765
1136,762
1137,44497
1138,85588
1139,278621
1140,99479
1141,-1
1142,-1
1143,55049
1144,124829
1145,79306
1146,356054
1147,10548
1148,531
1149,104931
1150,4483
1151,18919
1152,31556
1153,26167
1154,26174
1155,-1
1156,61461
1157,117500
1158,218713
1159,217802
1160,127973
1161,659
1162,30892
1163,86369
1164,8074
1165,124676
1166,-1
1167,38554
1168,49763
1169,41326
1170,36555
1171,10608
1172,11216
1173,7452
1174,64567
1175,892
1176,1600
1177,26561
1178,975
1179,18129
1180,54405
1181,150823
1183,409
1184,38251
1185,10161
1186,1412
1187,41768
1188,10409
1189,14285
1190,2469
1191,10174
1192,31225
1193,510
1194,11455
1196,1891
1197,2493
1198,85
1199,68
1200,679
1201,429
1202,13446
1203,389
1204,947
1205,-1
1206,185
1207,595
1208,28
1209,335
1210,1892
1211,144
1212,1092
1213,769
1214,348
1215,766
1216,175
1217,11645
1218,10835
1219,539
1220,525
1221,240
1222,600
1223,530
1224,10705
1225,279
1226,3109
1227,311
1228,1578
1230,703
1231,9549
1232,1398
1233,387
1234,9277
1235,343
1236,37291
1237,490
1238,11235
1240,218
1241,763
1242,9665
1243,18971
1244,696
1245,379
1246,207
1247,37247
1248,1480
1249,9322
1250,826
1251,422
1252,829
1253,828
1254,3090
1255,9964
1256,3063
1257,13667
1258,694
1259,235
1260,832
1261,765
1262,5925
1263,11778
1264,4485
1265,137
1266,33
1267,982
1268,8428
1269,212
1270,105
1271,1633
1272,11202
1273,1554
1274,149
1275,8009
1276,903
1277,11673
1278,3034
1279,339
1280,10404
1281,914
1282,756
1283,288
1284,910
1285,2640
1286,16633
1287,665
1288,11031
1289,11314
1290,15143
1291,89
1292,10322
1293,783
1294,-1
1295,10644
1296,11257
1297,14370
1298,12104
1299,625
1300,8816
1301,830
1302,2323
1303,983
1304,642
1305,655
1306,10341
1307,639
1308,266022
1309,168450
1310,30180
1311,31388
1312,41801
1313,66034
1314,348138
1315,96288
1316,-1
1317,61536
1318,18762
1319,331367
1320,8077
1321,814
1322,41671
1323,27214
1324,52263
1325,33519
1326,16235
1327,11449
1328,41848
1329,25944
1330,24913
1331,49126
1332,32076
1333,571
1334,8851
1335,37843
1336,32146
1337,30346
1339,6114
1340,229
1341,13549
1342,9529
1343,1598
1344,11349
1345,7340
1346,6217
1347,377
1348,653
1349,28198
1350,794
1351,31640
1352,8744
1353,25189
1354,145
1355,2212
1356,199
1357,7863
1358,12498
1359,9279
1360,53234
1361,17204
1362,-1
1363,21539
1364,85589
1365,12709
1366,20539
1367,11674
1368,199512
1369,64900
1370,1573
1371,152
1372,174
1373,172
1374,154
1375,157
1376,168
1377,364
1378,11967
1379,9086
1380,621
1381,9037
1382,10173
1383,55687
1384,168535
1385,8845
1386,46681
1387,578
1388,579
1389,17692
1390,17795
1391,75
1392,13891
1393,9390
1394,378
1395,10896
1396,2322
1397,41240
1398,26949
1399,9819
1400,49799
1401,31908
1404,46027
1405,3179
1406,1802
1407,4232
1408,9361
1409,2928
1410,30285
1411,10549
1412,58102
1413,18451
1414,27265
1415,49935
1416,8818
1417,36758
1419,36040
1420,74239
1421,-1
1422,9415
1423,55146
1424,303693
1425,12145
1426,42424
1427,34314
1428,2892
1429,9404
1430,85242
1431,9622
1432,8860
1433,197537
1434,-1
1436,66597
1437,14832
1438,9619
1439,40506
1440,31000
1441,4104
1442,26306
1443,203829
1444,43775
1445,14908
1446,784
1447,12489
1448,168283
1449,16448
1450,55936
1453,17894
1454,28059
1455,58911
1456,17949
1457,1968
1458,61563
1459,66
1460,20735
1461,11419
1462,333165
1463,25796
1464,638
1465,25624
1466,9366
1467,60083
1468,21915
1470,90928
1471,50091
1472,18420
1473,19952
1474,9446
1475,28005
1476,9403
1477,27322
1479,10003
1480,9311
1482,11844
1483,884
1484,49806
1485,1624
1486,88423
1487,16052
1488,4477
1489,24662
1490,18423
1493,76996
1494,-1
1495,6499
1496,50512
1497,9405
1498,12723
1499,9360
1500,9434
1501,118991
1502,21626
1503,13982
1504,93946
1507,77223
1508,31465
1509,12793
1510,102878
1511,105763
1513,9611
1514,47694
1515,10357
1516,9977
1517,816
1518,2163
1519,124680
1520,16399
1522,124843
1523,31017
1524,24645
1525,49478
1526,12499
1527,18
1528,68545
1529,1811
1531,109614
1532,60082
1533,105045
1534,53023
1535,64802
1537,11239
1538,50850
1539,15321
1541,2058
1542,9450
1543,125021
1544,330
1545,38523
1546,16375
1547,33660
1548,59232
1549,45671
1550,17770
1551,15170
1552,1701
1553,201445
1554,26422
1555,124642
1556,1639
1557,49235
1558,106129
1559,291634
1561,107743
1562,415
1563,47686
1564,65889
1565,11103
1566,11970
1567,34941
1568,407992
1569,8874
1570,17991
1571,11956
1572,266
1573,754
1574,37567
1575,43771
1577,124834
1578,249358
1579,111367
1580,607
1581,18080
1582,38225
1583,17834
1584,686
1585,65046
1586,4421
1587,9387
1588,10603
1589,2142
1590,8413
1591,10336
1592,20737
1593,9413
1594,14585
1595,18519
1596,49462
1597,8834
1598,9458
1599,8854
1600,38295
1601,22073
1602,37244
1603,4961
1604,9416
1605,26180
1606,17832
1608,9772
1609,6072
1610,1669
1611,468
1612,32519
1613,108401
1614,10806
1615,9433
1616,6623
1617,2118
1619,978
1620,9437
1621,29461
1622,56651
1623,10351
1624,66588
1625,2649
1626,14289
1627,10155
1628,75250
1629,20457
1630,-1
1631,18355
1632,33657
1633,55306
1635,68924
1636,36434
1639,2255
1640,28353
1641,9427
1642,172545
1643,17589
1644,3597
1645,1813
1646,36797
1647,12628
1648,33344
1649,25099
1650,45019
1651,63437
1652,62422
1653,782
1654,29911
1655,9827
1656,1959
1657,251481
1658,8067
1659,125052
1660,45153
1661,10871
1662,14398
1663,10890
1664,99002
1665,1281
1666,32332
1667,9770
1668,12616
1669,34838
1670,14905
1671,14583
1672,11975
1673,4995
1674,9281
1675,45928
1676,563
1677,61337
1678,19931
1679,31535
1680,10215
1681,9823
1682,37165
1683,45609
1684,38904
1685,45565
1686,9407
1687,4824
1688,9444
1689,9414
1690,8078
1692,29938
1693,11831
1694,2895
1695,39177
1696,19601
1697,124606
1698,42832
1699,22797
1701,2639
1702,9574
1703,10371
1704,489
1705,167738
1706,293820
1707,9714
1708,102406
1709,-1
1710,170430
1711,8197
1713,6283
1714,279698
1715,49728
1716,64562
1717,4233
1718,191874
1719,10217
1720,438108
1721,597
1722,714
1723,52537
1724,12799
1725,62394
1726,9922
1727,547
1728,25994
1729,184
1730,9746
1731,9438
1732,115
1733,26941
1734,27103
1735,9410
1738,-1
1739,32302
1740,216794
1741,-1
1742,88863
1743,154821
1744,41417
1746,12538
1747,586
1748,2666
1749,46338
1750,54007
1752,11258
1753,9490
1754,9411
1755,25719
1756,9033
1757,11220
1758,-1
1759,21253
1760,6116
1762,9457
1764,281289
1765,43911
1767,39424
1768,44361
1769,11702
1770,2923
1771,12238
1772,11568
1773,41577
1774,-1
1776,66894
1777,11003
1779,10153
1780,49645
1781,47112
1782,102732
1783,30949
1784,2898
1785,9558
1787,83593
1788,320011
1789,-1
1791,26269
1792,11808
1793,6970
1794,47452
1795,18205
1796,36943
1797,21736
1798,17941
1799,10668
1801,9313
1804,42807
1805,617
1806,36568
1807,37272
1809,5910
1810,9440
1811,53092
1812,32911
1814,44308
1815,124821
1816,32456
1817,93350
1819,62695
1820,32144
1821,17127
1822,40688
1824,17133
1825,19848
1826,17644
1827,1774
1829,30265
1830,-1
1831,2157
1832,70581
1833,8838
1834,29193
1835,795
1836,16980
1837,27472
1839,47881
1840,9469
1841,12488
1842,98499
1843,81367
1844,267
1845,16148
1846,21252
1847,73135
1848,9449
1849,6264
1850,90414
1851,188870
1852,215373
1853,78149
1854,15513
1855,31220
1856,13907
1857,29825
1858,10622
1859,30020
1860,17139
1861,34582
1862,10216
1863,9771
1864,24560
1865,76330
1866,9448
1867,38618
1868,-1
1869,18316
1870,78373
1871,77514
1872,49474
1873,4415
1874,39467
1875,55561
1876,8656
1877,209345
1878,58680
1879,35161
1880,35796
1881,18937
1882,929
1883,9452
1884,1878
1885,9844
1886,40505
1887,14342
1888,9715
1889,26610
1890,20064
1891,40961
1892,1965
1893,312
1894,6068
1895,15037
1896,50043
1897,37636
1898,17044
1899,60951
1900,21334
1901,416437
1902,32284
1903,51955
1904,37410
1905,47481
1906,53765
1907,10674
1908,136134
1909,846
1910,12655
1911,3050
1912,1389
1913,11020
1914,20862
1915,108548
1916,9464
1917,95
1918,944
1919,35680
1920,11551
1921,473
1922,102304
1923,544
1924,10513
1925,28966
1926,65203
1927,143
1928,42861
1929,33680
1930,56164
1931,12311
1932,43277
1933,43278
1934,34106
1935,43266
1936,27367
1937,17661
1938,28580
1939,887
1940,33667
1941,23383
1942,25430
1943,27191
1944,11426
1945,654
1946,15919
1947,1725
1948,5769
1949,874
1950,10633
1951,17917
1952,3116
1953,1051
1954,1366
1955,12102
1956,16619
1957,9443
1958,11050
1959,606
1960,746
1961,380
1962,403
1963,11485
1964,466
1965,13820
1966,15389
1967,13597
1968,2108
1969,10014
1970,10072
1971,10131
1972,10160
1973,11284
1974,4488
1975,9725
1976,9728
1977,9730
1978,9731
1979,10225
1980,10281
1981,10283
1982,948
1983,11281
1984,10676
1985,11357
1986,11361
1987,36599
1988,39929
1989,41828
1990,41769
1991,10585
1992,11186
1993,11187
1994,609
1995,11133
1996,10306
1997,9552
1998,11586
1999,11587
2000,941
2001,942
2002,943
2003,927
2004,928
2005,9340
2006,9342
2007,38509
2008,60033
2009,12101
2010,19
2011,165
2012,196
2013,551
2014,16084
2015,17984
2016,22328
2017,32611
2018,3170
2019,346
2020,859
2021,841
2022,11051
2023,242
2024,1411
2025,9769
2026,9424
2027,9835
2028,857
2029,17539
2030,44322
2031,22777
2032,20173
2033,10957
2034,9570
2035,16249
2036,13962
2037,14612
2038,19378
2039,65157
2040,29228
2041,19379
2042,11164
2043,18887
2044,40866
2045,24736
2046,10122
2047,24816
2048,9994
2049,25445
2050,12129
2051,14140
2052,10439
2053,11158
2054,9354
2055,28736
2056,34774
2057,37969
2058,9631
2059,9820
2060,14013
2061,36606
2062,96196
2063,98505
2064,1779
2065,10849
2066,678
2067,907
2068,5961
2069,47908
2070,42121
2071,2887
2072,11974
2073,20348
2074,26648
2075,11911
2076,793
2077,35144
2078,9325
2079,43037
2080,10340
2081,10144
2082,10414
2083,10437
2084,15300
2085,12230
2086,13380
2087,10693
2088,11335
2089,11135
2090,11319
2091,14822
2092,15969
2093,13155
2094,10249
2095,15943
2096,10882
2097,24808
2098,19762
2099,13850
2100,2619
2101,65158
2102,53565
2103,41841
2104,27332
2105,97
2106,10419
2107,11675
2108,2107
2109,6471
2110,9442
2111,11591
2112,13697
2113,19158
2114,227
2115,87
2116,123
2117,9314
2118,11336
2119,9980
2120,10657
2121,10489
2122,10823
2123,11497
2124,2907
2125,9454
2126,8688
2127,118452
2128,16155
2129,48894
2130,23954
2131,12761
2132,396
2133,14367
2134,11814
2135,16081
2136,18331
2137,15171
2138,11837
2139,11704
2140,11639
2141,4978
2142,10380
2143,11976
2144,15144
2145,11522
2146,11557
2147,13853
2148,11415
2149,37530
2150,8393
2151,11937
2152,21661
2153,9320
2154,33644
2155,14662
2156,125124
2157,115872
2158,39930
2159,10692
2160,805
2161,34584
2162,34636
2163,2182
2164,28070
2165,77469
2166,10278
2167,36647
2168,17915
2169,14557
2170,9417
2171,41469
2172,19381
2173,34637
2174,4011
2175,161795
2176,1580
2177,5854
2178,573
2179,2370
2180,5780
2181,506
2182,22527
2183,574
2184,11219
2185,30159
2186,845
2187,1978
2188,3682
2189,51942
2190,46702
2191,54795
2192,46748
2193,847
2194,117
2195,14577
2196,37498
2197,38621
2198,59138
2199,28047
2200,4175
2201,31667
2202,13321
2203,21734
2204,31997
2205,24197
2206,11462
2207,31995
2208,940
2209,2762
2210,12684
2211,2761
2212,8208
2213,52907
2214,15007
2215,36049
2216,52748
2217,75793
2218,47695
2219,31930
2220,20213
2221,543
2222,36054
2223,143750
2224,52782
2225,36055
2226,36056
2227,2760
2228,-1
2229,64398
2230,-1
2231,10220
2232,431
2233,31641
2234,223318
2235,69848
2236,22796
2237,22256
2238,37550
2239,37916
2240,21873
2241,21500
2242,84116
2243,12626
2244,37818
2245,3525
2246,129628
2247,2321
2248,2028
2249,16384
2250,91217
2251,77314
2252,10699
2253,11597
2254,218624
2255,47947
2256,48311
2257,44772
2258,-1
2259,14347
2260,41090
2261,18282
2262,18169
2263,11082
2264,5971
2265,11933
2266,20096
2267,30815
2268,881
2269,4478
2270,-1
2271,22318
2272,53113
2273,2109
2274,122289
2275,24746
2276,72987
2277,193103
2278,8195
2279,9877
2280,26618
2281,21132
2282,11855
2283,24016
2284,14785
2285,14794
2286,3486
2287,11071
2288,1091
2289,10403
2290,11337
2291,162
2292,25723
2293,73351
2294,8916
2295,28134
2296,9429
2297,12159
2298,27791
2299,43106
2300,30197
2301,10156
2302,10377
2303,3121
2304,4975
2305,37532
2306,9713
2307,134368
2308,85837
2309,1039
2310,9821
2311,4437
2312,1890
2313,1955
2314,39437
2315,11932
2316,6435
2317,108316
2318,10683
2319,63709
2320,9445
2321,2657
2322,9425
2323,32326
2324,637
2325,8675
2326,125762
2327,20701
2328,9945
2329,73
2330,18603
2331,46889
2332,12888
2333,3033
2334,9882
2335,10663
2336,4518
2337,1808
2338,3600
2339,17037
2340,297
2341,5332
2342,21589
2343,8336
2344,11893
2345,123056
2346,12223
2347,32081
2348,14924
2349,10002
2350,41817
2351,19426
2352,12560
2353,9798
2354,14444
2355,9487
2356,9466
2357,666
2358,2042
2359,10162
2360,309
2361,692
2362,24018
2363,1678
2364,39256
2365,1680
2366,244
2367,10730
2368,31947
2369,8130
2370,11532
2371,9749
2372,14628
2373,9626
2374,13698
2375,10466
2376,707
2377,11954
2378,9336
2379,10157
2380,12118
2381,10587
2382,11825
2383,11895
2384,9447
2385,12257
2386,37536
2387,10029
2388,27104
2389,11252
2390,8545
2391,10223
2392,9745
2393,200
2394,9837
2395,11545
2396,1934
2397,110643
2398,11881
2399,13764
2400,24951
2401,8879
2402,1369
2403,1368
2404,1370
2405,10303
2406,9326
2407,10328
2408,11285
2409,1367
2410,1371
2411,1374
2412,1375
2413,15196
2414,11904
2415,215875
2416,15596
2417,13818
2418,29968
2419,44326
2420,1885
2421,8856
2422,10495
2423,5825
2424,9489
2425,16885
2426,76857
2427,8741
2428,9276
2429,9822
2430,39314
2431,10312
2432,9441
2433,9422
2434,125582
2435,24525
2436,10368
2437,11365
2438,140897
2439,31662
2440,36136
2441,1363
2442,46992
2443,825
2444,22913
2445,15556
2446,28902
2447,14709
2448,9423
2449,14443
2450,10658
2451,6917
2452,40729
2453,24086
2454,11815
2455,9426
2456,10344
2457,15698
2458,2620
2459,30497
2460,16337
2461,25018
2462,16780
2463,12151
2464,25438
2465,33278
2466,274253
2467,192
2468,10945
2469,10013
2470,9671
2471,9396
2472,11038
2473,12278
2474,11873
2475,18588
2476,10015
2477,12715
2478,8388
2479,45712
2480,6187
2481,8129
2482,1618
2483,10722
2484,296543
2485,10314
2486,125548
2487,47139
2488,11167
2489,170187
2490,2112
2491,16172
2492,111794
2493,9524
2494,20595
2495,16306
2496,11622
2497,10207
2498,9849
2499,82865
2500,18892
2501,13466
2502,1542
2503,43978
2504,15256
2505,8224
2506,18417
2507,12479
2508,15031
2509,15209
2510,26425
2511,1847
2512,42113
2513,8913
2514,10906
2515,25748
2516,25749
2517,8769
2518,14742
2519,15856
2520,10671
2521,27932
2522,7227
2523,10670
2524,5919
2525,33518
2526,40160
2527,2362
2528,10803
2529,871
2530,1685
2531,1705
2532,1688
2533,1687
2534,166680
2535,11123
2536,29723
2537,31638
2538,113286
2539,9535
2540,9455
2541,796
2542,100
2543,47501
2544,77936
2545,84586
2546,30943
2547,107946
2548,7341
2549,10350
2550,11772
2551,9540
2552,31503
2553,11773
2554,30202
2555,22345
2556,53685
2557,1567
2558,1641
2559,47288
2560,10212
2561,10354
2562,11526
2563,8583
2564,123728
2565,16520
2566,16508
2567,11374
2568,16379
2569,125123
2570,28029
2571,603
2572,4951
2573,65749
2574,8970
2575,9840
2576,186705
2577,30950
2578,70687
2579,11660
2580,9430
2581,11355
2582,18764
2583,9465
2584,27455
2585,1414
2586,49981
2587,6522
2588,-1
2589,114719
2590,10209
2591,25512
2592,143299
2593,22826
2594,1902
2595,445590
2596,6396
2597,39964
2598,12596
2599,9451
2600,1946
2601,89522
2602,42230
2603,139445
2604,74140
2605,1844
2606,6552
2607,24584
2608,213985
2609,25471
2610,4154
2611,28519
2612,3309
2613,18462
2614,28941
2615,18252
2616,8592
2617,564
2618,13852
2619,140519
2620,25232
2621,33194
2622,10210
2623,53862
2624,17962
2625,9460
2626,4927
2627,122190
2628,1893
2629,31342
2630,44297
2631,95627
2632,8785
2633,15849
2634,18990
2635,29242
2636,29243
2637,31498
2638,29239
2639,15660
2640,1924
2641,8536
2642,9531
2643,11411
2644,138
2645,-1
2646,30793
2647,3103
2648,3035
2649,3077
2650,3074
2651,3076
2652,3079
2653,32023
2654,13666
2655,29794
2656,9077
2657,36685
2658,43391
2659,30168
2660,10785
2661,19483
2662,8974
2663,29959
2664,11549
2665,18158
2666,27625
2667,41516
2668,17918
2669,37305
2670,18784
2671,509
2672,1090
2673,24858
2674,15059
2675,55912
2676,12117
2677,11779
2678,41730
2679,84198
2680,100568
2681,13533
2682,62676
2683,817
2684,265966
2685,91598
2686,14283
2687,37135
2688,2275
2689,68426
2690,24137
2691,10376
2692,104
2693,15800
2694,9032
2695,13821
2696,9421
2697,55955
2698,67067
2699,6488
2700,9473
2701,8487
2702,10279
2703,125263
2704,2767
2705,78568
2706,2105
2707,1073
2708,10239
2709,10208
2710,2667
2711,48958
2712,345
2713,9825
2714,16158
2715,133575
2716,620
2717,2978
2718,10490
2719,11618
2720,332
2721,1812
2722,8914
2723,9824
2724,4806
2725,33430
2726,247
2727,10056
2728,967
2729,802
2730,3175
2731,147
2732,1628
2733,21185
2734,11120
2735,10136
2736,32060
2737,48686
2738,48259
2739,873
2740,48660
2741,26789
2742,3934
2743,108312
2744,198469
2745,11416
2746,10776
2747,24452
2748,9710
2749,31924
2750,30890
2751,24081
2752,20242
2753,39074
2754,66194
2755,2115
2756,23599
2757,3526
2758,41166
2759,16406
2760,197239
2761,10386
2762,745
2763,913
2764,912
2765,12229
2766,67323
2767,91076
2768,89861
2769,19457
2770,11353
2771,17707
2772,9781
2773,102489
2774,18212
2775,13817
2776,126996
2777,38715
2778,48781
2779,12185
2780,29056
2781,26857
2782,28501
2783,29030
2784,25319
2785,29074
2786,24103
2787,10552
2788,9267
2789,10766
2790,10768
2791,813
2792,2665
2793,9406
2794,11418
2795,11153
2796,14170
2797,2280
2798,11077
2799,28597
2800,22611
2801,39780
2802,10396
2803,9944
2804,850
2805,10154
2806,10342
2807,10366
2808,9349
2809,15122
2810,10494
2811,126152
2812,22314
2813,51679
2814,35813
2815,11037
2816,11955
2817,2038
2818,28737
2819,11963
2820,141489
2821,53761
2822,9096
2823,91893
2824,113273
2825,103793
2826,1911
2827,2900
2828,17709
2829,37718
2830,47144
2831,104896
2832,30964
2833,52366
2834,6373
2835,2162
2836,14578
2837,40694
2838,4338
2839,49184
2840,10307
2841,11601
2842,18621
2843,1075
2844,21719
2845,40879
2846,47951
2847,43832
2848,47697
2849,49792
2850,77064
2851,-1
2852,26522
2853,23761
2854,24097
2855,42114
2856,28295
2857,12105
2858,14
2859,24128
2860,11001
2861,10390
2862,9453
2863,704
2864,35122
2865,142132
2866,24153
2867,11797
2868,18086
2869,124475
2870,17887
2871,10669
2872,11527
2873,42848
2874,40867
2875,1049
2876,28032
2877,11326
2878,28377
2879,10975
2880,10974
2881,10398
2882,2290
2883,24071
2884,62994
2885,60994
2886,16112
2887,32305
2888,14429
2889,15198
2890,6415
2891,24066
2892,21430
2893,10381
2894,171982
2895,42486
2896,60285
2897,5622
2898,10349
2899,42518
2900,29787
2901,9638
2902,10576
2903,12662
2904,61369
2905,11712
2906,12618
2907,13824
2908,226
2909,288772
2910,55107
2911,69851
2912,10388
2913,17198
2914,44857
2915,9346
2916,861
2917,14412
2918,9377
2919,11541
2920,2457
2921,11901
2922,4929
2923,85325
2924,11230
2925,8416
2926,11054
2927,851
2928,24453
2929,18254
2930,56235
2931,20123
2932,16642
2933,2593
2934,42020
2935,3086
2936,16305
2937,32255
2938,48797
2939,19997
2940,3767
2941,17352
2942,535
2943,2731
2944,1654
2945,31043
2946,14831
2947,658
2948,657
2949,646
2950,5689
2951,391
2952,8052
2953,772
2954,65448
2955,65452
2956,31650
2957,73575
2958,302579
2959,550
2960,97537
2961,12220
2962,1610
2963,53151
2964,42881
2965,29064
2966,404
2967,42196
2968,36819
2969,42726
2970,9343
2971,16858
2972,42006
2973,11562
2974,10496
2975,16162
2976,8649
2977,31306
2978,10563
2979,14484
2980,214735
2981,94857
2982,32043
2983,15247
2984,29251
2985,5548
2986,5549
2987,856
2988,38772
2989,699
2990,709
2991,253
2992,13511
2993,660
2994,46798
2995,11377
2996,26149
2997,492
2998,108346
2999,98480
3000,128
3001,46286
3002,8672
3003,8056
3004,2020
3005,9481
3006,9008
3007,14242
3008,16129
3009,104103
3010,11489
3011,28145
3012,51371
3013,18111
3014,31361
3015,11223
3016,16281
3017,16288
3018,1694
3019,476
3020,37094
3021,13555
3022,961
3023,73969
3024,24831
3025,64963
3026,85160
3027,-1
3028,25560
3029,21610
3030,11878
3031,11510
3032,11234
3033,957
3034,11886
3035,37853
3036,62204
3037,11040
3038,21849
3039,1621
3040,14035
3041,40771
3042,40772
3043,40773
3044,11498
3045,11790
3046,29371
3047,276635
3048,47941
3049,29048
3050,19052
3051,21349
3052,1832
3053,10047
3054,10228
3055,47692
3056,18561
3057,144953
3058,37426
3059,51787
3060,11663
3061,13485
3062,9289
3063,9264
3064,18222
3065,124853
3066,11165
3067,4203
3068,24226
3069,88875
3070,11379
3071,29154
3072,2039
3073,77915
3074,11943
3075,11481
3076,2690
3077,20565
3078,27141
3079,10399
3080,90762
3081,2668
3082,36643
3083,99
3084,159569
3085,77010
3086,25898
3087,9647
3088,11787
3089,5156
3090,24276
3091,11953
3092,44662
3093,29005
3094,26371
3095,596
3096,52470
3097,20334
3098,11393
3099,31121
3100,293
3101,10998
3102,12235
3103,36094
3104,9013
3105,11005
3106,59820
3107,2924
3108,177
3109,38557
3110,42087
3111,13681
3112,34760
3113,9946
3114,863
3115,31582
3116,125520
3117,22267
3118,55123
3119,5486
3120,10411
3121,41462
3122,1718
3123,28604
3124,15506
3125,20024
3126,78256
3127,13787
3128,54933
3129,9684
3130,9586
3131,41638
3132,70801
3133,33015
3134,777
3135,21887
3136,5652
3137,19664
3138,32331
3139,76083
3140,32628
3141,32669
3142,18161
3143,31681
3144,33666
3145,32274
3146,10402
3147,497
3148,1715
3149,35118
3150,42739
3151,26162
3152,25188
3153,15515
3154,75888
3155,1439
3156,2277
3157,10137
3158,10387
3159,49948
3160,334
3161,30237
3162,50116
3163,46435
3164,94260
3165,22213
3166,47070
3167,36492
3168,624
3169,26578
3170,415072
3171,43103
3172,43194
3173,9563
3174,1850
3175,926
3176,1213
3177,10471
3178,10400
3179,10397
3180,20761
3181,12524
3182,28216
3183,36773
3184,30814
3185,10219
3186,3558
3187,104878
3188,41276
3189,17908
3190,10384
3191,125317
3192,48233
3193,-1
3194,10236
3195,71067
3196,632
3197,11851
3198,5924
3199,33734
3200,14886
3201,26617
3202,11900
3203,10493
3204,16241
3205,27632
3206,22160
3207,4460
3208,9644
3209,43455
3210,13342
3211,35119
3212,21256
3213,14919
3214,14040
3215,75641
3216,17343
3217,22692
3218,47620
3219,2990
3220,38775
3221,10831
3222,21193
3223,33078
3224,16672
3225,10472
3226,123277
3227,79474
3228,97805
3229,53714
3230,21489
3231,51392
3232,32600
3233,110479
3234,299121
3235,13005
3236,65134
3237,121738
3238,18681
3239,75531
3240,20468
3241,14521
3242,46835
3243,10406
3244,14741
3245,32015
3246,1883
3247,2005
3248,6279
3249,11087
3250,7305
3251,24735
3252,9475
3253,8872
3254,8873
3255,11287
3256,9869
3257,619
3258,9374
3259,11259
3260,8293
3261,11068
3262,1923
3263,10158
3264,10206
3265,11782
3266,10086
3267,9367
3268,9876
3269,10326
3270,16562
3271,9609
3272,12143
3273,4234
3274,9605
3275,8374
3276,29076
3277,80471
3278,49477
3279,121940
3280,28156
3281,113096
3282,106837
3283,24349
3284,27841
3285,1907
3286,15489
3287,15655
3288,68546
3289,36210
3290,279444
3291,77908
3292,22342
3293,96484
3294,30062
3295,62463
3296,25934
3297,101383
3298,14181
3299,10385
3300,2787
3301,2069
3302,61416
3303,79515
3304,14839
3305,42186
3306,28978
3307,901
3308,25010
3309,36208
3310,10098
3311,18264
3312,291861
3313,33374
3314,43368
3315,127602
3316,2155
3317,11004
3318,25212
3319,36048
3320,139
3321,210307
3322,47816
3323,20682
3324,25166
3325,1831
3326,10416
3327,14271
3328,4816
3329,19958
3330,28569
3331,2193
3332,64871
3333,54575
3334,11016
3335,23020
3336,54195
3337,139058
3338,20423
3339,10839
3340,36489
3341,24481
3342,11296
3343,61651
3344,28172
3345,57855
3346,28180
3347,14280
3348,72086
3349,149687
3350,29478
3351,28177
3352,64166
3353,73642
3354,2067
3355,622
3356,110666
3357,28463
3358,12186
3359,20283
3360,5693
3361,287
3362,968
3363,838
3364,16958
3365,3114
3366,-1
3367,31938
3368,12501
3369,22650
3370,31618
3371,42232
3372,15873
3373,26928
3374,68427
3375,25392
3376,67455
3377,22178
3378,48213
3379,35412
3380,43463
3381,59939
3382,159727
3383,244151
3384,8333
3385,19259
3386,820
3387,11718
3388,8989
3389,32031
3390,58048
3391,26827
3392,11157
3393,28370
3394,918
3395,61178
3396,11176
3397,14900
3398,11899
3399,36536
3400,18890
3401,19736
3402,123047
3403,24575
3404,16535
3405,10971
3406,23928
3407,31336
3408,462
3409,9532
3410,117259
3411,78231
3412,2383
3413,25503
3414,53879
3415,1396
3416,-1
3417,11570
3418,1541
3419,150043
3420,17443
3421,8469
3422,27995
3423,36739
3424,925
3425,41823
3426,1713
3427,26170
3428,30547
3429,54825
3430,13939
3431,14373
3432,24873
3433,26263
3434,34746
3435,996
3436,9079
3437,1496
3438,1498
3439,1497
3440,1499
3441,1880
3442,33762
3443,103960
3444,11690
3445,29143
3446,35292
3447,36652
3448,801
3449,104301
3450,11520
3451,1879
3452,2085
3453,13539
3454,16222
3455,109479
3456,17078
3457,37722
3458,75892
3459,33516
3460,99008
3461,9960
3462,3082
3463,49338
3464,2102
3465,52961
3466,12187
3467,24748
3468,990
3469,1908
3470,9764
3471,840
3472,39890
3473,42237
3474,26689
3475,25673
3476,2291
3477,13531
3478,16620
3479,526
3480,13346
3481,243
3482,-1
3483,10501
3484,11478
3485,96167
3486,24212
3487,6644
3488,41038
3489,879
3490,32613
3491,39406
3492,85689
3493,31624
3494,17529
3495,40841
3496,118098
3497,1793
3498,11327
3499,1700
3500,54087
3501,34322
3502,41659
3503,593
3504,10774
3505,10083
3506,29786
3507,11356
3508,10747
3509,38809
3510,10559
3511,20697
3512,2621
3513,10479
3514,125709
3515,49721
3516,2006
3517,184885
3518,46625
3519,17339
3520,26879
3521,11305
3522,48211
3523,28975
3524,13665
3525,12309
3526,1552
3527,106
3528,10333
3529,11027
3530,61560
3531,123757
3532,-1
3533,27197
3534,10468
3535,1359
3536,4967
3537,31776
3538,10557
3539,27745
3540,19214
3541,46686
3542,71402
3543,13776
3544,26291
3545,10784
3546,10242
3547,27857
3548,16347
3549,4825
3550,11654
3551,10518
3552,11977
3553,18041
3554,14736
3555,3536
3556,1443
3557,10424
3558,80677
3559,28971
3560,49096
3561,310431
3562,40562
3563,9456
3564,889
3565,10564
3566,15723
3567,19600
3568,125537
3569,452
3570,68170
3571,36234
3572,39283
3573,65460
3574,55667
3575,31978
3576,12476
3577,5241
3578,98
3579,21311
3580,47724
3581,11129
3582,94214
3583,117781
3584,1058
3585,37112
3586,42159
3587,16395
3588,50627
3589,5608
3590,38925
3591,13105
3592,22501
3593,5491
3594,10560
3595,19489
3596,19419
3597,23531
3598,10688
3599,17889
3600,18228
3601,80351
3602,18642
3603,205054
3604,39391
3605,18644
3606,31516
3607,45827
3608,5683
3609,113279
3610,2094
3611,14906
3612,16176
3613,52770
3614,12518
3615,10567
3616,10642
3617,9285
3618,10569
3619,21879
3620,98502
3621,21484
3622,24918
3623,955
3624,8584
3625,47295
3626,11332
3627,16093
3628,29372
3629,962
3630,5483
3631,21060
3632,30588
3633,668
3634,23518
3635,691
3636,31353
3637,44018
3638,698
3639,682
3640,28973
3641,28974
3642,40685
3643,22994
3644,40639
3645,499
3646,9600
3647,120077
3648,38006
3649,2768
3650,42002
3651,40365
3652,24920
3653,21
3654,10911
3655,10102
3656,30308
3657,38688
3658,26912
3659,26278
3660,26953
3661,26954
3662,26956
3663,26957
3664,26958
3665,26959
3666,26960
3667,80287
3668,6003
3669,23939
3670,46614
3671,11072
3672,23069
3673,21299
3674,38802
3675,13368
3676,985
3677,14002
3678,541
3679,21137
3680,36724
3681,938
3682,10648
3683,11368
3684,10875
3685,2075
3686,1551
3687,22500
3688,10246
3689,19698
3690,23919
3691,18835
3692,26554
3693,15239
3694,28165
3695,28169
3696,15762
3697,169
3698,865
3699,9663
3700,26889
3701,10128
3702,9659
3703,8810
3704,9355
3705,1727
3706,635
3707,10068
3708,11495
3709,11428
3710,10117
3711,35936
3712,25562
3713,51763
3714,73079
3715,38921
3716,35463
3717,9679
3718,24587
3719,51333
3720,17771
3721,31610
3722,60005
3723,10264
3724,31657
3725,29204
3726,17814
3727,11879
3728,21128
3729,482
3730,592
3731,31593
3732,12611
3733,14328
3734,32047
3735,9040
3736,25364
3737,43002
3738,5121
3739,195
3740,6978
3741,3133
3742,643
3743,10571
3744,479
3745,7450
3746,31023
3747,25636
3748,41160
3749,47439
3750,207731
3751,7443
3752,2123
3753,2024
3754,17711
3755,2133
3756,29946
3757,25993
3758,28774
3759,46929
3760,11598
3761,9702
3762,117026
3763,9873
3764,16820
3765,14864
3766,15379
3767,12764
3768,27352
3769,8348
3770,24099
3771,17897
3772,28050
3773,16094
3774,16096
3775,20343
3776,13757
3777,11822
3778,90980
3779,26270
3780,37744
3781,494
3782,493
3783,12706
3784,4244
3785,4247
3786,20770
3787,1050
3788,1052
3789,20540
3790,23655
3791,1788
3792,32275
3793,36657
3794,44490
3795,47585
3796,1448
3797,36047
3798,2655
3799,12599
3800,33828
3801,93
3802,9278
3803,90715
3804,59181
3805,22167
3806,18118
3807,11940
3808,24167
3809,10276
3810,19380
3811,13783
3812,11624
3813,15867
3814,11686
3816,29263
3817,46754
3818,18702
3819,11830
3820,16110
3821,12107
3822,10401
3823,32640
3824,10641
3825,6282
3826,9383
3827,5551
3828,277726
3829,43079
3830,27723
3831,2360
3832,28043
3833,33468
3834,21866
3835,33408
3836,11589
3837,15158
3838,16139
3839,16146
3840,26515
3841,11856
3842,-1
3843,13567
3844,10860
3845,8420
3846,18391
3847,20850
3848,39473
3849,27452
3850,77571
3851,38548
3852,20438
3853,274868
3854,2211
3855,46991
3856,201581
3857,10391
3858,14195
3859,15665
3860,45905
3861,10393
3862,18168
3863,8843
3864,10643
3865,23618
3866,117262
3867,30946
3868,37136
3869,37137
3870,23283
3871,3110
3872,14698
3873,11694
3874,47434
3875,39891
3876,76891
3877,9651
3878,26865
3879,11398
3880,161687
3881,26244
3882,1588
3883,287821
3884,19150
3885,25128
3886,18153
3887,30910
3888,41282
3889,12211
3890,137236
3891,9995
3892,1698
3893,10480
3894,80713
3895,10685
3896,1619
3897,786
3898,14805
3899,51179
3900,46119
3901,18074
3902,170767
3903,77332
3904,27665
3905,29015
3906,10562
3907,201724
3908,12212
3909,14629
3910,16
3911,13785
3912,34299
3913,15752
3914,22597
3915,19348
3916,10637
3917,9003
3918,9064
3919,11569
3920,10434
3921,26484
3922,39113
3923,38126
3924,53617
3925,469
3926,2160
3927,2161
3928,3073
3929,911
3930,10973
3931,34077
3932,10787
3933,43109
3934,43230
3935,-1
3936,15855
3937,9507
3938,27475
3939,27764
3940,27767
3941,40760
3942,40446
3943,24664
3944,21370
3945,20455
3946,10461
3947,1485
3948,1597
3949,641
3950,10687
3951,63956
3952,6521
